{"mfu":0.2934585824802461,"_step":19,"val/loss":5.030304431915283,"_wandb":{"runtime":110},"_runtime":105.81139243,"iter":1900,"train/loss":3.592317819595337,"lr":5.3418255572253196e-05,"_timestamp":1.7476175128535962e+09}