{"mfu":0.25930782400645336,"_wandb":{"runtime":113},"iter":1900,"_runtime":107.846837883,"_step":19,"train/loss":3.592317819595337,"val/loss":5.030304431915283,"_timestamp":1.7476172156322505e+09,"lr":5.3418255572253196e-05}