{"val/loss":5.030304431915283,"lr":5.3418255572253196e-05,"train/loss":3.592317819595337,"_timestamp":1.7476182504820147e+09,"iter":1900,"_wandb":{"runtime":108},"mfu":0.2656049268535361,"_runtime":103.97208288,"_step":19}